{"count":72990659,"count5Stars":895957,"count4Stars":9294540,"exclusiveRate5Stars":null,"exclusiveRate4Stars":null,"latestEventsCounts":null,"usersPerRegion":[{"region":"6","count":69143},{"region":"7","count":121127},{"region":"8","count":81037}],"countPerRegion":[{"region":"6","count":21185836},{"region":"7","count":27362291},{"region":"8","count":24447088}],"countPerBanner":null,"countPerPity5Stars":[{"pity":1,"count":7146},{"pity":2,"count":7026},{"pity":3,"count":6925},{"pity":4,"count":6722},{"pity":5,"count":6766},{"pity":6,"count":6708},{"pity":7,"count":6476},{"pity":8,"count":6507},{"pity":9,"count":6487},{"pity":10,"count":6287},{"pity":11,"count":6300},{"pity":12,"count":5935},{"pity":13,"count":6060},{"pity":14,"count":5993},{"pity":15,"count":5987},{"pity":16,"count":5791},{"pity":17,"count":5742},{"pity":18,"count":5646},{"pity":19,"count":5627},{"pity":20,"count":5717},{"pity":21,"count":5430},{"pity":22,"count":5536},{"pity":23,"count":5390},{"pity":24,"count":5465},{"pity":25,"count":5340},{"pity":26,"count":5334},{"pity":27,"count":5161},{"pity":28,"count":5259},{"pity":29,"count":5100},{"pity":30,"count":5082},{"pity":31,"count":4991},{"pity":32,"count":5060},{"pity":33,"count":5010},{"pity":34,"count":4801},{"pity":35,"count":4717},{"pity":36,"count":4856},{"pity":37,"count":4804},{"pity":38,"count":4727},{"pity":39,"count":4734},{"pity":40,"count":4656},{"pity":41,"count":4507},{"pity":42,"count":4649},{"pity":43,"count":4547},{"pity":44,"count":4504},{"pity":45,"count":4347},{"pity":46,"count":4302},{"pity":47,"count":4245},{"pity":48,"count":4179},{"pity":49,"count":4349},{"pity":50,"count":4173},{"pity":51,"count":4036},{"pity":52,"count":4069},{"pity":53,"count":3991},{"pity":54,"count":3970},{"pity":55,"count":4108},{"pity":56,"count":3815},{"pity":57,"count":3790},{"pity":58,"count":3884},{"pity":59,"count":3886},{"pity":60,"count":3839},{"pity":61,"count":3903},{"pity":62,"count":3769},{"pity":63,"count":3640},{"pity":64,"count":3675},{"pity":65,"count":3656},{"pity":66,"count":3527},{"pity":67,"count":3497},{"pity":68,"count":3459},{"pity":69,"count":3459},{"pity":70,"count":3398},{"pity":71,"count":3393},{"pity":72,"count":3347},{"pity":73,"count":3272},{"pity":74,"count":36118},{"pity":75,"count":63947},{"pity":76,"count":82142},{"pity":77,"count":88331},{"pity":78,"count":82615},{"pity":79,"count":68341},{"pity":80,"count":50201},{"pity":81,"count":33038},{"pity":82,"count":18858},{"pity":83,"count":9708},{"pity":84,"count":4109},{"pity":85,"count":1502},{"pity":86,"count":427},{"pity":87,"count":111},{"pity":88,"count":27},{"pity":89,"count":5}],"countPerPity4Stars":[{"pity":1,"count":488906},{"pity":2,"count":460020},{"pity":3,"count":434242},{"pity":4,"count":412050},{"pity":5,"count":388579},{"pity":6,"count":369682},{"pity":7,"count":347435},{"pity":8,"count":328473},{"pity":9,"count":3407800},{"pity":10,"count":2627144},{"pity":11,"count":30182},{"pity":12,"count":176},{"pity":13,"count":3},{"pity":14,"count":3},{"pity":15,"count":1},{"pity":17,"count":1}],"countPerDay":[{"date":"2020-09-27","count":548},{"date":"2020-09-28","count":4712},{"date":"2020-09-29","count":11736},{"date":"2020-09-30","count":9004},{"date":"2020-10-01","count":10364},{"date":"2020-10-02","count":9396},{"date":"2020-10-03","count":10877},{"date":"2020-10-04","count":14082},{"date":"2020-10-05","count":12916},{"date":"2020-10-06","count":13491},{"date":"2020-10-07","count":12611},{"date":"2020-10-08","count":12681},{"date":"2020-10-09","count":13288},{"date":"2020-10-10","count":14367},{"date":"2020-10-11","count":13492},{"date":"2020-10-12","count":11806},{"date":"2020-10-13","count":10071},{"date":"2020-10-14","count":9514},{"date":"2020-10-15","count":10339},{"date":"2020-10-16","count":8983},{"date":"2020-10-17","count":11095},{"date":"2020-10-18","count":9758},{"date":"2020-10-20","count":39611},{"date":"2020-10-21","count":16262},{"date":"2020-10-22","count":12407},{"date":"2020-10-23","count":9831},{"date":"2020-10-24","count":11491},{"date":"2020-10-25","count":12245},{"date":"2020-10-26","count":11734},{"date":"2020-10-27","count":10112},{"date":"2020-10-28","count":11953},{"date":"2020-10-29","count":8605},{"date":"2020-10-30","count":9797},{"date":"2020-10-31","count":7938},{"date":"2020-11-01","count":18985},{"date":"2020-11-02","count":9217},{"date":"2020-11-03","count":8474},{"date":"2020-11-04","count":6985},{"date":"2020-11-05","count":7455},{"date":"2020-11-06","count":6867},{"date":"2020-11-07","count":6923},{"date":"2020-11-08","count":7343},{"date":"2020-11-09","count":7619},{"date":"2020-11-10","count":31386},{"date":"2020-11-11","count":110573},{"date":"2020-11-12","count":26828},{"date":"2020-11-13","count":25663},{"date":"2020-11-14","count":20751},{"date":"2020-11-15","count":18291},{"date":"2020-11-16","count":19443},{"date":"2020-11-17","count":19089},{"date":"2020-11-18","count":17484},{"date":"2020-11-19","count":18591},{"date":"2020-11-20","count":15866},{"date":"2020-11-21","count":14266},{"date":"2020-11-22","count":12642},{"date":"2020-11-23","count":15497},{"date":"2020-11-24","count":14666},{"date":"2020-11-25","count":14274},{"date":"2020-11-26","count":14115},{"date":"2020-11-27","count":17213},{"date":"2020-11-28","count":14575},{"date":"2020-11-29","count":12606},{"date":"2020-11-30","count":13828},{"date":"2020-12-01","count":276023},{"date":"2020-12-02","count":61951},{"date":"2020-12-03","count":47552},{"date":"2020-12-04","count":44379},{"date":"2020-12-05","count":42777},{"date":"2020-12-06","count":43140},{"date":"2020-12-07","count":39938},{"date":"2020-12-08","count":26445},{"date":"2020-12-09","count":24913},{"date":"2020-12-10","count":26121},{"date":"2020-12-11","count":31571},{"date":"2020-12-12","count":32952},{"date":"2020-12-13","count":31983},{"date":"2020-12-14","count":31146},{"date":"2020-12-15","count":32861},{"date":"2020-12-16","count":23072},{"date":"2020-12-17","count":20306},{"date":"2020-12-18","count":21517},{"date":"2020-12-19","count":27558},{"date":"2020-12-20","count":25354},{"date":"2020-12-21","count":23674},{"date":"2020-12-22","count":71908},{"date":"2020-12-23","count":252054},{"date":"2020-12-24","count":89633},{"date":"2020-12-25","count":75441},{"date":"2020-12-26","count":58144},{"date":"2020-12-27","count":49290},{"date":"2020-12-28","count":52828},{"date":"2020-12-29","count":44829},{"date":"2020-12-30","count":36523},{"date":"2020-12-31","count":41325},{"date":"2021-01-01","count":110301},{"date":"2021-01-02","count":50431},{"date":"2021-01-03","count":40390},{"date":"2021-01-04","count":43932},{"date":"2021-01-05","count":38131},{"date":"2021-01-06","count":30051},{"date":"2021-01-07","count":27064},{"date":"2021-01-08","count":29469},{"date":"2021-01-09","count":37758},{"date":"2021-01-10","count":42709},{"date":"2021-01-11","count":33163},{"date":"2021-01-12","count":524588},{"date":"2021-01-13","count":157665},{"date":"2021-01-14","count":84393},{"date":"2021-01-15","count":70595},{"date":"2021-01-16","count":72805},{"date":"2021-01-17","count":59106},{"date":"2021-01-18","count":66426},{"date":"2021-01-19","count":52331},{"date":"2021-01-20","count":49490},{"date":"2021-01-21","count":46343},{"date":"2021-01-22","count":90849},{"date":"2021-01-23","count":59930},{"date":"2021-01-24","count":48093},{"date":"2021-01-25","count":45707},{"date":"2021-01-26","count":40164},{"date":"2021-01-27","count":46952},{"date":"2021-01-28","count":42998},{"date":"2021-01-29","count":43550},{"date":"2021-01-30","count":38407},{"date":"2021-01-31","count":39781},{"date":"2021-02-01","count":102030},{"date":"2021-02-02","count":383256},{"date":"2021-02-03","count":970788},{"date":"2021-02-04","count":151430},{"date":"2021-02-05","count":113584},{"date":"2021-02-06","count":103104},{"date":"2021-02-07","count":90305},{"date":"2021-02-08","count":74632},{"date":"2021-02-09","count":65641},{"date":"2021-02-10","count":89755},{"date":"2021-02-11","count":100097},{"date":"2021-02-12","count":76544},{"date":"2021-02-13","count":118928},{"date":"2021-02-14","count":98082},{"date":"2021-02-15","count":129870},{"date":"2021-02-16","count":96098},{"date":"2021-02-17","count":481689},{"date":"2021-02-18","count":155503},{"date":"2021-02-19","count":80401},{"date":"2021-02-20","count":67208},{"date":"2021-02-21","count":58317},{"date":"2021-02-22","count":49958},{"date":"2021-02-23","count":51237},{"date":"2021-02-24","count":41624},{"date":"2021-02-25","count":39665},{"date":"2021-02-26","count":61986},{"date":"2021-02-27","count":43276},{"date":"2021-02-28","count":60210},{"date":"2021-03-01","count":93291},{"date":"2021-03-02","count":1591239},{"date":"2021-03-03","count":364701},{"date":"2021-03-04","count":176398},{"date":"2021-03-05","count":153762},{"date":"2021-03-06","count":196537},{"date":"2021-03-07","count":133935},{"date":"2021-03-08","count":111440},{"date":"2021-03-09","count":100839},{"date":"2021-03-10","count":99142},{"date":"2021-03-11","count":97774},{"date":"2021-03-12","count":97719},{"date":"2021-03-13","count":91667},{"date":"2021-03-14","count":86237},{"date":"2021-03-15","count":92646},{"date":"2021-03-16","count":353447},{"date":"2021-03-17","count":982708},{"date":"2021-03-18","count":187259},{"date":"2021-03-19","count":209464},{"date":"2021-03-20","count":147509},{"date":"2021-03-21","count":123460},{"date":"2021-03-22","count":142959},{"date":"2021-03-23","count":145040},{"date":"2021-03-24","count":104828},{"date":"2021-03-25","count":120494},{"date":"2021-03-26","count":97407},{"date":"2021-03-27","count":93571},{"date":"2021-03-28","count":115924},{"date":"2021-03-29","count":86580},{"date":"2021-03-30","count":79623},{"date":"2021-03-31","count":76392},{"date":"2021-04-01","count":238382},{"date":"2021-04-02","count":123129},{"date":"2021-04-03","count":109774},{"date":"2021-04-04","count":99028},{"date":"2021-04-05","count":92314},{"date":"2021-04-06","count":1657100},{"date":"2021-04-07","count":395943},{"date":"2021-04-08","count":191336},{"date":"2021-04-09","count":178418},{"date":"2021-04-10","count":156173},{"date":"2021-04-11","count":143695},{"date":"2021-04-12","count":147259},{"date":"2021-04-13","count":146919},{"date":"2021-04-14","count":114878},{"date":"2021-04-15","count":103762},{"date":"2021-04-16","count":179823},{"date":"2021-04-17","count":126683},{"date":"2021-04-18","count":98567},{"date":"2021-04-19","count":86526},{"date":"2021-04-20","count":97384},{"date":"2021-04-21","count":85981},{"date":"2021-04-22","count":78754},{"date":"2021-04-23","count":71928},{"date":"2021-04-24","count":75518},{"date":"2021-04-25","count":72394},{"date":"2021-04-26","count":66689},{"date":"2021-04-27","count":593157},{"date":"2021-04-28","count":2174606},{"date":"2021-04-29","count":364800},{"date":"2021-04-30","count":360783},{"date":"2021-05-01","count":686315},{"date":"2021-05-02","count":299907},{"date":"2021-05-03","count":263444},{"date":"2021-05-04","count":206225},{"date":"2021-05-05","count":186519},{"date":"2021-05-06","count":206651},{"date":"2021-05-07","count":176653},{"date":"2021-05-08","count":169495},{"date":"2021-05-09","count":173515},{"date":"2021-05-10","count":153542},{"date":"2021-05-11","count":134618},{"date":"2021-05-12","count":126743},{"date":"2021-05-13","count":127033},{"date":"2021-05-14","count":141494},{"date":"2021-05-15","count":143092},{"date":"2021-05-16","count":163678},{"date":"2021-05-17","count":151197},{"date":"2021-05-18","count":1914122},{"date":"2021-05-19","count":493837},{"date":"2021-05-20","count":245528},{"date":"2021-05-21","count":234963},{"date":"2021-05-22","count":193061},{"date":"2021-05-23","count":194638},{"date":"2021-05-24","count":178749},{"date":"2021-05-25","count":181680},{"date":"2021-05-26","count":139621},{"date":"2021-05-27","count":141039},{"date":"2021-05-28","count":218175},{"date":"2021-05-29","count":150583},{"date":"2021-05-30","count":128253},{"date":"2021-05-31","count":125076},{"date":"2021-06-01","count":349180},{"date":"2021-06-02","count":170520},{"date":"2021-06-03","count":132969},{"date":"2021-06-04","count":123551},{"date":"2021-06-05","count":124502},{"date":"2021-06-06","count":114157},{"date":"2021-06-07","count":116597},{"date":"2021-06-08","count":279800},{"date":"2021-06-09","count":1106784},{"date":"2021-06-10","count":248300},{"date":"2021-06-11","count":280826},{"date":"2021-06-12","count":208176},{"date":"2021-06-13","count":177333},{"date":"2021-06-14","count":174565},{"date":"2021-06-15","count":147207},{"date":"2021-06-16","count":150360},{"date":"2021-06-17","count":158775},{"date":"2021-06-18","count":132532},{"date":"2021-06-19","count":120918},{"date":"2021-06-20","count":112382},{"date":"2021-06-21","count":104843},{"date":"2021-06-22","count":96661},{"date":"2021-06-23","count":90244},{"date":"2021-06-24","count":82465},{"date":"2021-06-25","count":97153},{"date":"2021-06-26","count":95944},{"date":"2021-06-27","count":92942},{"date":"2021-06-28","count":87515},{"date":"2021-06-29","count":2555645},{"date":"2021-06-30","count":639848},{"date":"2021-07-01","count":714410},{"date":"2021-07-02","count":402516},{"date":"2021-07-03","count":281687},{"date":"2021-07-04","count":258409},{"date":"2021-07-05","count":232765},{"date":"2021-07-06","count":213270},{"date":"2021-07-07","count":178231},{"date":"2021-07-08","count":162344},{"date":"2021-07-09","count":264014},{"date":"2021-07-10","count":175141},{"date":"2021-07-11","count":154094},{"date":"2021-07-12","count":146573},{"date":"2021-07-13","count":141695},{"date":"2021-07-14","count":134762},{"date":"2021-07-15","count":134497},{"date":"2021-07-16","count":136440},{"date":"2021-07-17","count":124996},{"date":"2021-07-18","count":126443},{"date":"2021-07-19","count":115494},{"date":"2021-07-20","count":556473},{"date":"2021-07-21","count":2204557},{"date":"2021-07-22","count":531914},{"date":"2021-07-23","count":406297},{"date":"2021-07-24","count":354600},{"date":"2021-07-25","count":285148},{"date":"2021-07-26","count":247029},{"date":"2021-07-27","count":241687},{"date":"2021-07-28","count":204125},{"date":"2021-07-29","count":186777},{"date":"2021-07-30","count":189227},{"date":"2021-07-31","count":178569},{"date":"2021-08-01","count":403124},{"date":"2021-08-02","count":214837},{"date":"2021-08-03","count":178396},{"date":"2021-08-04","count":159108},{"date":"2021-08-05","count":157336},{"date":"2021-08-06","count":161758},{"date":"2021-08-07","count":160369},{"date":"2021-08-08","count":160747},{"date":"2021-08-09","count":142775},{"date":"2021-08-10","count":2001399},{"date":"2021-08-11","count":458971},{"date":"2021-08-12","count":255436},{"date":"2021-08-13","count":206629},{"date":"2021-08-14","count":180259},{"date":"2021-08-15","count":159737},{"date":"2021-08-16","count":167109},{"date":"2021-08-17","count":138835},{"date":"2021-08-18","count":123060},{"date":"2021-08-19","count":109543},{"date":"2021-08-20","count":175428},{"date":"2021-08-21","count":135064},{"date":"2021-08-22","count":111955},{"date":"2021-08-23","count":101486},{"date":"2021-08-24","count":97554},{"date":"2021-08-25","count":92916},{"date":"2021-08-26","count":90651},{"date":"2021-08-27","count":76049},{"date":"2021-08-28","count":75303},{"date":"2021-08-29","count":73740},{"date":"2021-08-30","count":63267},{"date":"2021-08-31","count":1063559},{"date":"2021-09-01","count":4790161},{"date":"2021-09-02","count":744840},{"date":"2021-09-03","count":521426},{"date":"2021-09-04","count":452272},{"date":"2021-09-05","count":382561},{"date":"2021-09-06","count":311847},{"date":"2021-09-07","count":265340},{"date":"2021-09-08","count":217620},{"date":"2021-09-09","count":263379},{"date":"2021-09-10","count":222195},{"date":"2021-09-11","count":212638},{"date":"2021-09-12","count":182093},{"date":"2021-09-13","count":161580},{"date":"2021-09-14","count":155153},{"date":"2021-09-15","count":156101},{"date":"2021-09-16","count":171774},{"date":"2021-09-17","count":150233},{"date":"2021-09-18","count":140593},{"date":"2021-09-19","count":151021},{"date":"2021-09-20","count":155925},{"date":"2021-09-21","count":964601},{"date":"2021-09-22","count":228147},{"date":"2021-09-23","count":119003},{"date":"2021-09-24","count":105704},{"date":"2021-09-25","count":99976},{"date":"2021-09-26","count":86414},{"date":"2021-09-27","count":96643},{"date":"2021-09-28","count":127372},{"date":"2021-09-29","count":76140},{"date":"2021-09-30","count":203870},{"date":"2021-10-01","count":307551},{"date":"2021-10-02","count":256364},{"date":"2021-10-03","count":234674},{"date":"2021-10-04","count":205003},{"date":"2021-10-05","count":98552},{"date":"2021-10-06","count":74467},{"date":"2021-10-07","count":61778},{"date":"2021-10-08","count":57884},{"date":"2021-10-09","count":58795},{"date":"2021-10-10","count":52061},{"date":"2021-10-11","count":46940},{"date":"2021-10-12","count":191747},{"date":"2021-10-13","count":1054720},{"date":"2021-10-14","count":144726},{"date":"2021-10-15","count":98099},{"date":"2021-10-16","count":92128},{"date":"2021-10-17","count":73156},{"date":"2021-10-18","count":56331},{"date":"2021-10-19","count":47175},{"date":"2021-10-20","count":43787},{"date":"2021-10-21","count":44778},{"date":"2021-10-22","count":40457},{"date":"2021-10-23","count":36443},{"date":"2021-10-24","count":32214},{"date":"2021-10-25","count":26128},{"date":"2021-10-26","count":21182},{"date":"2021-10-27","count":26322},{"date":"2021-10-28","count":17252},{"date":"2021-10-29","count":12417},{"date":"2021-10-30","count":5906},{"date":"2021-10-31","count":16}],"countPerItemId":[{"itemId":1043,"count":602538},{"itemId":1023,"count":492029},{"itemId":-10008,"count":484315},{"itemId":1039,"count":461472},{"itemId":-10006,"count":452447},{"itemId":1025,"count":443585},{"itemId":1044,"count":433608},{"itemId":1036,"count":417481},{"itemId":1034,"count":393954},{"itemId":1024,"count":383310},{"itemId":1020,"count":372184},{"itemId":1027,"count":342534},{"itemId":-10020,"count":316385},{"itemId":1032,"count":308589},{"itemId":1031,"count":308392},{"itemId":1014,"count":305852},{"itemId":-10018,"count":147777},{"itemId":14409,"count":146746},{"itemId":12403,"count":146544},{"itemId":15401,"count":146470},{"itemId":11403,"count":146342},{"itemId":14401,"count":146309},{"itemId":13401,"count":146224},{"itemId":14402,"count":146205},{"itemId":13407,"count":146177},{"itemId":12405,"count":146089},{"itemId":11402,"count":145976},{"itemId":12401,"count":145815},{"itemId":15403,"count":145787},{"itemId":15402,"count":145773},{"itemId":11401,"count":145765},{"itemId":11405,"count":145759},{"itemId":14403,"count":145653},{"itemId":12402,"count":145590},{"itemId":15405,"count":145213},{"itemId":-10019,"count":112917},{"itemId":-10016,"count":68461},{"itemId":-10013,"count":66749},{"itemId":1030,"count":62979},{"itemId":1042,"count":62883},{"itemId":1016,"count":58212},{"itemId":1035,"count":57583},{"itemId":1003,"count":57484},{"itemId":1041,"count":57213},{"itemId":-10009,"count":51055},{"itemId":1033,"count":48513},{"itemId":-10017,"count":37742},{"itemId":1029,"count":31584},{"itemId":1022,"count":27660},{"itemId":1046,"count":27391},{"itemId":-10023,"count":26889},{"itemId":-10002,"count":20011},{"itemId":1037,"count":13644},{"itemId":1038,"count":7024}]}